{"name":"4975f636-bb60-496a-8706-e688b20a7fa0","id":"/providers/Microsoft.Flow/flows/4975f636-bb60-496a-8706-e688b20a7fa0","type":"Microsoft.Flow/flows","properties":{"apiId":"/providers/Microsoft.PowerApps/apis/shared_logicflows","displayName":"DevOps | Auto-Tag DevOps Tickets into Emails","definition":{"metadata":{"workflowEntityId":null,"processAdvisorMetadata":null,"flowChargedByPaygo":null,"flowclientsuspensionreason":"None","flowclientsuspensiontime":null,"flowclientsuspensionreasondetails":null,"creator":{"id":"0b5613ad-71fe-4b4c-9da3-b830f6df0607","type":"User","tenantId":"63759d9f-bfca-4f52-ae98-8f2f1d7bc173"},"provisioningMethod":"FromDefinition","failureAlertSubscription":true,"clientLastModifiedTime":"2025-07-24T08:23:48.8760693Z","connectionKeySavedTimeKey":"2025-07-24T08:23:48.8760693Z","creationSource":null,"modifiedSources":"Portal"},"$schema":"https://schema.management.azure.com/providers/Microsoft.Logic/schemas/2016-06-01/workflowdefinition.json#","contentVersion":"1.0.0.0","parameters":{"$authentication":{"defaultValue":{},"type":"SecureObject"},"$connections":{"defaultValue":{},"type":"Object"}},"triggers":{"When_a_new_email_arrives_in_our_DevOps_mailbox":{"recurrence":{"frequency":"Minute","interval":1},"splitOn":"@triggerOutputs()?['body/value']","type":"OpenApiConnection","inputs":{"parameters":{"mailboxAddress":"demo@tweed.technology","importance":"Any","hasAttachments":false,"includeAttachments":false,"folderId":"Inbox"},"host":{"apiId":"/providers/Microsoft.PowerApps/apis/shared_office365","connectionName":"shared_office365","operationId":"SharedMailboxOnNewEmailV2"},"authentication":"@parameters('$authentication')"}}},"actions":{"Try_B":{"actions":{"Find_ID_from_to_address":{"metadata":{"operationMetadataId":"90af0719-a607-4949-b83a-a8b2b3ec37db"},"type":"Compose","inputs":"@substring(outputs('To_email_address'), add(indexOf(outputs('To_email_address'), '+'), 1), sub(indexOf(outputs('To_email_address'), '@'), add(indexOf(outputs('To_email_address'), '+'), 1)))"},"Convert_email_body_to_text":{"runAfter":{"Find_ID_from_to_address":["Succeeded"]},"metadata":{"operationMetadataId":"3b0f7cef-1478-4707-af16-e0137f234cef"},"type":"OpenApiConnection","inputs":{"parameters":{"Content":"<p class=\"editor-paragraph\">@{triggerOutputs()?['body/body']}</p>"},"host":{"apiId":"/providers/Microsoft.PowerApps/apis/shared_conversionservice","connectionName":"shared_conversionservice","operationId":"HtmlToText"},"authentication":"@parameters('$authentication')"}}},"runAfter":{"Try_A":["Succeeded"]},"metadata":{"operationMetadataId":"e7f5e771-d8ae-43d7-b884-f44576a3b481"},"type":"Scope"},"Try_C":{"actions":{"Add_comment_to_DevOps":{"metadata":{"operationMetadataId":"51e5a38c-a130-43d3-a045-b73c6d912d2d"},"type":"OpenApiConnection","inputs":{"parameters":{"account":"TechTweedie","parameters/Method":"POST","parameters/Uri":"Tutorials/_apis/wit/workItems/@{outputs('Find_ID_from_to_address')}/comments?api-version=7.0-preview.3","parameters/Body":"{\n  \"workItemId\" :@{outputs('Find_ID_from_to_address')} ,\n  \"text\": \"@{body('Convert_email_body_to_text')}\"\n}"},"host":{"apiId":"/providers/Microsoft.PowerApps/apis/shared_visualstudioteamservices","connectionName":"shared_visualstudioteamservices","operationId":"HttpRequest"},"authentication":"@parameters('$authentication')"}}},"runAfter":{"Try_B":["Succeeded"]},"metadata":{"operationMetadataId":"b8496004-b4af-46f4-95e8-14389b57a046"},"type":"Scope"},"Try_A":{"actions":{"Convert_to_emails_to_upper":{"metadata":{"operationMetadataId":"c9905d36-1c74-41f6-b9b7-5b1bfd1b9118"},"type":"Compose","inputs":"@toUpper(triggerOutputs()?['body/toRecipients'])"},"Split_email_addresses":{"runAfter":{"Convert_to_emails_to_upper":["Succeeded"]},"metadata":{"operationMetadataId":"aeab1381-a3f3-458c-8f3b-bb667b66cd52"},"type":"Compose","inputs":"@split(outputs('Convert_to_emails_to_upper'),';')"},"Find_an_email_that_contains_our_plus_address":{"runAfter":{"Split_email_addresses":["Succeeded"]},"metadata":{"operationMetadataId":"4d4dd4b9-fd09-47a4-b1a7-0e2236c6fbfa"},"type":"Query","inputs":{"from":"@outputs('Split_email_addresses')","where":"@contains(item(),'DEMO+')"}},"To_email_address":{"runAfter":{"Do_we_have_a_plus_address":["Succeeded"]},"metadata":{"operationMetadataId":"9af199c8-3074-4c75-9c12-038f36d2c653"},"type":"Compose","inputs":"@first(body('Find_an_email_that_contains_our_plus_address'))"},"Do_we_have_a_plus_address":{"actions":{"Terminate_if_no_plus_address":{"type":"Terminate","inputs":{"runStatus":"Succeeded"}}},"runAfter":{"Find_an_email_that_contains_our_plus_address":["Succeeded"]},"else":{"actions":{}},"expression":{"and":[{"equals":["@length(body('Find_an_email_that_contains_our_plus_address'))",0]}]},"type":"If"}},"runAfter":{},"metadata":{"operationMetadataId":"eb38390a-d3d2-490c-9851-4923eeed2787"},"type":"Scope"}},"outputs":{}},"connectionReferences":{"shared_office365":{"connectionName":"shared-office365-33334bad-b7b8-4cf4-809a-52fec4aeece3","source":"Embedded","id":"/providers/Microsoft.PowerApps/apis/shared_office365","tier":"NotSpecified","apiName":"office365","isProcessSimpleApiReferenceConversionAlreadyDone":false},"shared_conversionservice":{"connectionName":"00ec70d1697c41e98b09fddeced80450","source":"Embedded","id":"/providers/Microsoft.PowerApps/apis/shared_conversionservice","tier":"NotSpecified","apiName":"conversionservice","isProcessSimpleApiReferenceConversionAlreadyDone":false},"shared_visualstudioteamservices":{"connectionName":"36868aca1f5a4394a79ed86dc38c8c98","source":"Embedded","id":"/providers/Microsoft.PowerApps/apis/shared_visualstudioteamservices","tier":"NotSpecified","apiName":"visualstudioteamservices","isProcessSimpleApiReferenceConversionAlreadyDone":false}},"flowFailureAlertSubscribed":false,"isManaged":false}}