{
  "properties": {
    "connectionReferences": {
      "shared_office365": {
        "api": {
          "name": "shared_office365"
        },
        "connection": {
          "connectionReferenceLogicalName": "techtwed_sharedoffice365_1f1f5"
        },
        "runtimeSource": "embedded"
      },
      "shared_conversionservice": {
        "api": {
          "name": "shared_conversionservice"
        },
        "connection": {
          "connectionReferenceLogicalName": "techtwed_sharedconversionservice_091c5"
        },
        "runtimeSource": "embedded"
      },
      "shared_visualstudioteamservices": {
        "api": {
          "name": "shared_visualstudioteamservices"
        },
        "connection": {
          "connectionReferenceLogicalName": "techtwed_sharedvisualstudioteamservices_e8426"
        },
        "runtimeSource": "embedded"
      }
    },
    "definition": {
      "$schema": "https://schema.management.azure.com/providers/Microsoft.Logic/schemas/2016-06-01/workflowdefinition.json#",
      "contentVersion": "1.0.0.0",
      "parameters": {
        "$authentication": {
          "defaultValue": {},
          "type": "SecureObject"
        },
        "$connections": {
          "defaultValue": {},
          "type": "Object"
        }
      },
      "triggers": {
        "When_a_new_email_arrives_in_our_DevOps_mailbox": {
          "type": "OpenApiConnection",
          "inputs": {
            "parameters": {
              "mailboxAddress": "demo@tweed.technology",
              "importance": "Any",
              "hasAttachments": false,
              "includeAttachments": false,
              "folderId": "Inbox"
            },
            "host": {
              "apiId": "/providers/Microsoft.PowerApps/apis/shared_office365",
              "operationId": "SharedMailboxOnNewEmailV2",
              "connectionName": "shared_office365"
            }
          },
          "recurrence": {
            "frequency": "Minute",
            "interval": 1
          },
          "splitOn": "@triggerOutputs()?['body/value']"
        }
      },
      "actions": {
        "Try_B": {
          "type": "Scope",
          "actions": {
            "Find_ID_from_to_address": {
              "type": "Compose",
              "inputs": "@substring(outputs('To_email_address'), add(indexOf(outputs('To_email_address'), '+'), 1), sub(indexOf(outputs('To_email_address'), '@'), add(indexOf(outputs('To_email_address'), '+'), 1)))",
              "metadata": {
                "operationMetadataId": "90af0719-a607-4949-b83a-a8b2b3ec37db"
              }
            },
            "Convert_email_body_to_text": {
              "type": "OpenApiConnection",
              "inputs": {
                "parameters": {
                  "Content": "<p class=\"editor-paragraph\">@{triggerOutputs()?['body/body']}</p>"
                },
                "host": {
                  "apiId": "/providers/Microsoft.PowerApps/apis/shared_conversionservice",
                  "operationId": "HtmlToText",
                  "connectionName": "shared_conversionservice"
                }
              },
              "runAfter": {
                "Find_ID_from_to_address": [
                  "Succeeded"
                ]
              },
              "metadata": {
                "operationMetadataId": "3b0f7cef-1478-4707-af16-e0137f234cef"
              }
            }
          },
          "runAfter": {
            "Try_A": [
              "Succeeded"
            ]
          },
          "metadata": {
            "operationMetadataId": "e7f5e771-d8ae-43d7-b884-f44576a3b481"
          }
        },
        "Try_C": {
          "type": "Scope",
          "actions": {
            "Add_comment_to_DevOps": {
              "type": "OpenApiConnection",
              "inputs": {
                "parameters": {
                  "account": "TechTweedie",
                  "parameters/Method": "POST",
                  "parameters/Uri": "Tutorials/_apis/wit/workItems/@{outputs('Find_ID_from_to_address')}/comments?api-version=7.0-preview.3",
                  "parameters/Body": "{\n  \"workItemId\" :@{outputs('Find_ID_from_to_address')} ,\n  \"text\": \"@{body('Convert_email_body_to_text')}\"\n}"
                },
                "host": {
                  "apiId": "/providers/Microsoft.PowerApps/apis/shared_visualstudioteamservices",
                  "operationId": "HttpRequest",
                  "connectionName": "shared_visualstudioteamservices"
                }
              },
              "metadata": {
                "operationMetadataId": "51e5a38c-a130-43d3-a045-b73c6d912d2d"
              }
            }
          },
          "runAfter": {
            "Try_B": [
              "Succeeded"
            ]
          },
          "metadata": {
            "operationMetadataId": "b8496004-b4af-46f4-95e8-14389b57a046"
          }
        },
        "Try_A": {
          "type": "Scope",
          "actions": {
            "Convert_to_emails_to_upper": {
              "type": "Compose",
              "inputs": "@toUpper(triggerOutputs()?['body/toRecipients'])",
              "metadata": {
                "operationMetadataId": "c9905d36-1c74-41f6-b9b7-5b1bfd1b9118"
              }
            },
            "Split_email_addresses": {
              "type": "Compose",
              "inputs": "@split(outputs('Convert_to_emails_to_upper'),';')",
              "runAfter": {
                "Convert_to_emails_to_upper": [
                  "Succeeded"
                ]
              },
              "metadata": {
                "operationMetadataId": "aeab1381-a3f3-458c-8f3b-bb667b66cd52"
              }
            },
            "Find_an_email_that_contains_our_plus_address": {
              "type": "Query",
              "inputs": {
                "from": "@outputs('Split_email_addresses')",
                "where": "@contains(item(),'DEMO+')"
              },
              "runAfter": {
                "Split_email_addresses": [
                  "Succeeded"
                ]
              },
              "metadata": {
                "operationMetadataId": "4d4dd4b9-fd09-47a4-b1a7-0e2236c6fbfa"
              }
            },
            "To_email_address": {
              "type": "Compose",
              "inputs": "@first(body('Find_an_email_that_contains_our_plus_address'))",
              "runAfter": {
                "Do_we_have_a_plus_address": [
                  "Succeeded"
                ]
              },
              "metadata": {
                "operationMetadataId": "9af199c8-3074-4c75-9c12-038f36d2c653"
              }
            },
            "Do_we_have_a_plus_address": {
              "type": "If",
              "expression": {
                "and": [
                  {
                    "equals": [
                      "@length(body('Find_an_email_that_contains_our_plus_address'))",
                      0
                    ]
                  }
                ]
              },
              "actions": {
                "Terminate_if_no_plus_address": {
                  "type": "Terminate",
                  "inputs": {
                    "runStatus": "Succeeded"
                  }
                }
              },
              "else": {
                "actions": {}
              },
              "runAfter": {
                "Find_an_email_that_contains_our_plus_address": [
                  "Succeeded"
                ]
              }
            }
          },
          "runAfter": {},
          "metadata": {
            "operationMetadataId": "eb38390a-d3d2-490c-9851-4923eeed2787"
          }
        }
      },
      "outputs": {}
    },
    "templateName": null
  },
  "schemaVersion": "1.0.0.0"
}